step	dice_multi
0	0.49537281345672496
1	0.6871182576627592
2	0.829848773359014
3	0.846092834578031
4	0.8692568973372612
5	0.8631780498416601
6	0.8728803038955235
7	0.8800873744300886
8	0.8785751202994392
