step	loss
0	0.08270584791898727
1	0.05946268141269684
2	0.04628356173634529
3	0.03742776811122894
4	0.03456370532512665
5	0.03318414464592934
6	0.03030257672071457
7	0.02864137850701809
8	0.028939906507730484
