step	loss
0	0.07689700275659561
1	0.05791712924838066
2	0.03543864190578461
3	0.02850019931793213
4	0.024416038766503334
5	0.02302468754351139
6	0.020184945315122604
7	0.019683731719851494
8	0.01999838277697563
