step	loss
0	0.1808246523141861
1	0.06616400927305222
2	0.05096723884344101
3	0.042412448674440384
4	0.036802660673856735
5	0.03292028605937958
6	0.029925500974059105
7	0.027555136010050774
8	0.025720754638314247
