{
    "train": {
        "loss": 0.025720754638314247
    },
    "eval": {
        "loss": 0.028939906507730484
    },
    "dice_multi": 0.8785751202994392,
    "step": 8,
    "evaluate/dice_multi": 0.8648756932590774
}
