{
    "train": {
        "loss": 0.027894718572497368
    },
    "eval": {
        "loss": 0.01999838277697563
    },
    "dice_multi": 0.8778449367856671,
    "step": 8
}
